Date,Panhandle,Nqoga-1a,Thaoge,Xudum,Boro,Nqoga-2a,Selinda,Mboroga,Khwai,
1967/03/01,96,18,9,0,0,17,8,1,2,
1967/04/01,336,88,9,0,0,17,7,1,2,
1967/05/01,689,199,3,0,0,7,2,1,2,
1967/06/01,839,365,1,0,0,3,0,0,0,
1967/07/01,834,500,0,0,0,0,0,0,0,
1967/08/01,825,543,22,0,3,108,15,0,0,
1967/09/01,818,574,32,58,88,190,21,0,0,
1967/10/01,789,595,33,84,134,250,22,0,0,
1967/11/01,750,618,38,89,154,319,25,0,0,
1967/12/01,757,634,38,103,186,376,25,0,0,
1968/01/01,876,650,44,104,201,439,29,0,0,
1968/02/01,910,735,128,122,234,500,84,0,0,
1968/03/01,954,865,267,372,528,562,177,0,0,
1968/04/01,881,983,380,809,1030,620,252,101,32,
1968/05/01,877,1064,444,1173,1453,662,294,192,62,
1968/06/01,849,1111,477,1374,1696,693,316,257,84,
1968/07/01,837,1146,491,1470,1740,717,325,304,97,
1968/08/01,830,1159,466,1508,1740,732,305,339,106,
1968/09/01,822,1142,399,1424,1740,737,256,360,115,
1968/10/01,812,1037,276,1227,1740,723,168,367,119,
1968/11/01,775,1046,225,885,1334,728,134,345,120,
1968/12/01,752,1018,163,755,1201,731,92,351,123,
1969/01/01,771,967,106,582,1016,723,56,354,125,
1969/02/01,815,1116,146,409,816,757,94,340,126,
1969/03/01,875,1149,221,669,1186,777,146,391,141,
1969/04/01,887,1216,341,825,1326,796,233,411,151,
1969/05/01,925,1347,465,1152,1638,833,320,434,161,
1969/06/01,846,1356,541,1484,1740,880,372,485,177,
1969/07/01,840,1286,546,1832,1740,910,378,550,195,
1969/08/01,831,1274,513,1835,1740,916,355,591,207,
1969/09/01,825,1248,449,1671,1740,911,311,601,213,
1969/10/01,817,1122,324,1434,1740,857,220,592,214,
1969/11/01,797,1092,255,1048,1740,842,172,518,183,
1969/12/01,806,984,163,855,1544,791,105,491,179,
1970/01/01,836,1035,167,576,1140,807,112,421,153,
1970/02/01,840,1047,194,587,1147,810,135,439,165,
1970/03/01,858,1062,232,623,1155,801,165,441,170,
1970/04/01,896,1122,306,685,1212,821,222,431,172,
1970/05/01,867,1208,395,948,1437,854,286,457,182,
1970/06/01,838,1254,422,1189,1706,883,311,503,196,
1970/07/01,830,1280,423,1283,1740,897,313,543,206,
1970/08/01,826,1256,380,1283,1740,899,281,561,213,
1970/09/01,821,1187,308,1154,1652,878,227,563,215,
1970/10/01,810,1035,199,958,1399,808,142,532,207,
1970/11/01,772,992,140,644,1028,782,99,439,164,
1970/12/01,750,1051,139,480,850,810,100,402,155,
1971/01/01,784,1097,136,486,891,840,101,434,186,
1971/02/01,865,1067,137,484,916,830,103,471,203,
1971/03/01,843,1107,189,470,865,836,156,458,201,
1971/04/01,877,1183,275,630,1022,870,215,465,204,
1971/05/01,844,1236,324,865,1284,894,258,509,217,
1971/06/01,840,1283,352,1015,1442,911,274,541,228,
1971/07/01,821,1281,353,1092,1524,922,275,566,237,
1971/08/01,822,1257,312,1094,1518,925,243,583,245,
1971/09/01,816,1157,228,983,1390,887,177,586,248,
1971/10/01,785,1014,145,746,1128,813,109,536,226,
1971/11/01,745,986,100,493,833,796,74,439,178,
1971/12/01,724,992,76,362,702,802,56,412,172,
1972/01/01,720,1158,101,291,647,904,79,419,181,
1972/02/01,785,1164,96,437,945,928,77,536,231,
1972/03/01,803,1360,121,399,897,979,102,561,243,
1972/04/01,849,1256,145,549,1128,998,124,639,275,
1972/05/01,834,1295,198,597,1157,1008,165,662,287,
1972/06/01,839,1299,240,700,1260,1026,194,676,293,
1972/07/01,822,1281,253,823,1360,1039,205,700,299,
1972/08/01,821,1260,242,860,1378,1036,195,719,303,
1972/09/01,809,1166,180,809,1298,984,145,716,304,
1972/10/01,776,1048,122,619,1070,907,96,648,273,
1972/11/01,738,896,49,433,831,800,37,548,224,
1972/12/01,693,840,18,205,536,744,12,414,158,
1973/01/01,717,833,6,98,401,735,3,341,129,
1973/02/01,732,860,1,50,353,749,1,329,132,
1973/03/01,794,868,9,28,355,751,7,350,149,
1973/04/01,846,893,26,48,360,759,22,353,155,
1973/05/01,836,943,82,97,410,772,67,364,164,
1973/06/01,841,993,125,262,585,792,100,384,179,
1973/07/01,817,1024,136,386,736,815,114,408,196,
1973/08/01,815,1030,133,440,802,822,109,426,206,
1973/09/01,796,984,97,426,791,802,76,437,211,
1973/10/01,761,1010,99,321,669,816,80,413,198,
1973/11/01,738,965,65,328,698,803,49,432,207,
1973/12/01,715,1102,84,225,578,880,74,420,202,
1974/01/01,767,1376,126,367,812,1017,119,529,261,
1974/02/01,854,1528,198,583,1157,1230,194,727,338,
1974/03/01,833,1213,245,985,1686,1090,221,1030,433,
1974/04/01,828,1328,273,1034,1665,1143,246,1030,452,
1974/05/01,851,1282,292,1104,1714,1113,262,1030,463,
1974/06/01,853,1326,347,1141,1720,1133,298,1030,466,
1974/07/01,822,1292,370,1257,1740,1125,314,1030,475,
1974/08/01,825,1262,344,1283,1740,1114,289,1030,481,
1974/09/01,814,1218,287,1159,1740,1080,241,1030,471,
1974/10/01,788,1093,203,972,1509,994,167,1030,429,
1974/11/01,751,1147,195,700,1165,1020,163,1030,354,
1974/12/01,749,1069,136,677,1170,973,113,1030,370,
1975/01/01,745,1175,141,495,948,1031,124,1030,332,
1975/02/01,827,1195,142,558,1072,1051,124,1030,376,
1975/03/01,853,1389,234,542,1059,1122,194,1030,385,
1975/04/01,917,1369,382,891,1486,1147,314,1030,448,
1975/05/01,869,1357,491,1330,1740,1141,397,1030,500,
1975/06/01,850,1324,538,1604,1740,1137,431,1030,500,
1975/07/01,832,1296,545,1853,1740,1126,438,1030,500,
1975/08/01,829,1277,523,1843,1740,1117,418,1030,500,
1975/09/01,818,1223,439,1691,1740,1079,347,1030,500,
1975/10/01,799,1090,315,1382,1740,985,245,1030,500,
1975/11/01,761,967,203,989,1740,894,152,1030,500,
1975/12/01,722,972,160,648,1308,883,119,1030,450,
1976/01/01,743,1032,165,514,1125,933,125,1030,404,
1976/02/01,799,1066,165,512,1147,965,126,1030,426,
1976/03/01,854,1141,201,497,1119,1008,154,1030,432,
1976/04/01,866,1211,299,610,1265,1027,226,1030,464,
1976/05/01,887,1337,414,868,1476,1057,313,1030,464,
1976/06/01,871,1350,504,1199,1740,1105,384,1030,480,
1976/07/01,837,1315,544,1466,1740,1138,415,1030,500,
1976/08/01,833,1272,529,1579,1740,1114,403,1030,500,
1976/09/01,821,1263,486,1504,1740,1103,369,1030,500,
1976/10/01,817,1167,375,1343,1740,1035,281,1030,500,
1976/11/01,792,1139,310,1038,1740,1009,232,1030,498,
1976/12/01,771,1055,229,866,1531,953,168,1030,451,
1977/01/01,780,1084,194,638,1207,951,142,1030,381,
1977/02/01,830,1215,271,572,1138,1082,203,1002,377,
1977/03/01,853,1361,367,753,1415,1150,286,1030,447,
1977/04/01,841,1288,424,1059,1734,1116,334,1030,500,
1977/05/01,858,1305,463,1205,1740,1128,365,1030,500,
1977/06/01,872,1334,530,1299,1740,1131,407,1030,500,
1977/07/01,822,1308,556,1474,1740,1132,430,1030,500,
1977/08/01,831,1266,514,1550,1740,1115,398,1030,500,
1977/09/01,816,1262,451,1410,1740,1091,348,1030,500,
1977/10/01,800,1120,326,1250,1740,999,247,1030,500,
1977/11/01,768,1088,252,903,1564,956,187,1030,500,
1977/12/01,740,1290,302,725,1315,1073,233,1030,500,
1978/01/01,793,1293,315,966,1636,1133,249,1030,500,
1978/02/01,852,1422,422,954,1600,1172,339,1030,500,
1978/03/01,835,1269,481,1344,1740,1124,388,1030,500,
1978/04/01,853,1300,511,1404,1740,1121,405,1030,500,
1978/05/01,870,1330,563,1445,1740,1129,447,1030,500,
1978/06/01,872,1352,631,1583,1740,1140,547,1030,500,
1978/07/01,828,1311,658,1943,1740,1132,595,1030,500,
1978/08/01,831,1271,620,2051,1740,1116,556,1030,500,
1978/09/01,819,1216,528,1850,1740,1073,467,1030,500,
1978/10/01,807,1121,416,1515,1740,1010,364,1030,500,
1978/11/01,785,1045,322,1150,1740,961,279,1030,500,
1978/12/01,767,1032,254,868,1531,927,215,1030,500,
1979/01/01,781,1085,250,709,1302,962,210,1030,500,
1979/02/01,831,1065,220,695,1298,961,179,1030,500,
1979/03/01,838,1072,233,589,1143,929,183,1030,500,
1979/04/01,923,1158,359,644,1146,953,281,1030,500,
1979/05/01,912,1366,535,1004,1486,1006,413,1030,500,
1979/06/01,836,1340,606,1475,1740,1067,488,1030,500,
1979/07/01,838,1281,607,1792,1740,1100,484,1030,500,
1979/08/01,824,1272,572,1740,1740,1100,450,1030,500,
1979/09/01,823,1190,469,1589,1740,1045,360,1030,500,
1979/10/01,809,1100,357,1270,1740,976,267,1030,500,
1979/11/01,780,1055,283,969,1649,942,209,1030,500,
1979/12/01,770,992,205,762,1345,895,148,991,500,
1980/01/01,807,986,152,556,1070,860,106,864,500,
1980/02/01,835,1174,221,445,929,964,160,795,500,
1980/03/01,850,1225,291,860,1465,995,212,1030,500,
1980/04/01,872,1291,373,977,1540,1008,275,1030,500,
1980/05/01,838,1307,426,1160,1689,1032,311,1026,500,
1980/06/01,837,1290,444,1289,1740,1055,325,1030,500,
1980/07/01,823,1282,445,1325,1740,1064,325,1030,500,
1980/08/01,821,1252,390,1298,1740,1050,283,1030,500,
1980/09/01,812,1175,308,1128,1620,1003,219,1030,500,
1980/10/01,786,1021,202,901,1340,907,136,941,500,
1980/11/01,742,1036,175,597,979,912,118,767,500,
1980/12/01,721,982,139,508,902,913,91,733,500,
1981/01/01,715,1045,139,357,732,946,91,656,455,
1981/02/01,746,1141,149,359,778,1001,95,702,479,
1981/03/01,813,1188,152,419,908,1030,100,804,500,
1981/04/01,876,1216,217,440,954,1021,154,839,500,
1981/05/01,892,1343,356,601,1077,1048,263,818,500,
1981/06/01,844,1335,442,995,1485,1089,325,857,500,
1981/07/01,830,1282,454,1256,1740,1115,335,933,500,
1981/08/01,826,1264,426,1277,1740,1106,313,971,500,
1981/09/01,818,1190,350,1184,1657,1052,253,947,500,
1981/10/01,796,1054,240,974,1396,956,167,863,500,
1981/11/01,755,1051,197,681,1058,937,136,724,494,
1981/12/01,729,995,133,564,946,894,87,682,447,
1982/01/01,714,921,76,399,769,843,46,619,385,
1982/02/01,719,898,45,233,578,829,26,529,309,
1982/03/01,763,893,34,137,473,822,21,477,263,
1982/04/01,897,938,82,103,425,835,58,451,238,
1982/05/01,853,1037,208,244,572,870,153,470,246,
1982/06/01,862,1119,289,593,950,910,211,526,276,
1982/07/01,824,1160,319,810,1199,930,233,590,309,
1982/08/01,830,1173,324,892,1293,938,236,617,328,
1982/09/01,815,1109,259,905,1306,907,185,618,331,
1982/10/01,788,1120,218,737,1121,890,153,579,300,
1982/11/01,752,1121,180,688,1087,899,126,589,303,
1982/12/01,732,1041,126,582,995,865,86,594,304,
1983/01/01,742,1068,102,414,801,876,70,538,265,
1983/02/01,777,996,75,346,761,846,49,547,274,
1983/03/01,813,984,73,250,626,843,49,498,241,
1983/04/01,858,1030,114,221,579,852,81,473,226,
1983/05/01,865,1118,196,358,728,878,147,488,238,
1983/06/01,842,1177,265,637,1026,907,196,529,264,
1983/07/01,819,1198,274,796,1202,921,206,572,292,
1983/08/01,821,1193,248,833,1244,924,184,594,302,
1983/09/01,808,1113,189,759,1172,888,137,597,303,
1983/10/01,775,1030,133,590,981,842,95,551,272,
1983/11/01,738,996,98,431,795,831,68,491,232,
1983/12/01,724,1091,111,321,679,898,87,462,217,
1984/01/01,783,978,62,366,778,849,47,517,266,
1984/02/01,865,971,80,223,582,835,61,464,229,
1984/03/01,895,1130,220,268,602,898,178,424,203,
1984/04/01,881,1222,337,689,1081,939,256,494,251,
1984/05/01,902,1332,417,989,1402,971,311,562,293,
1984/06/01,876,1364,498,1200,1622,1018,367,613,315,
1984/07/01,824,1303,521,1401,1740,1055,380,675,352,
1984/08/01,831,1259,473,1462,1740,1057,341,733,381,
1984/09/01,819,1178,383,1313,1740,1000,272,741,383,
1984/10/01,808,1077,277,1064,1679,930,193,671,335,
1984/11/01,775,1082,217,793,1302,908,150,586,281,
1984/12/01,763,960,133,668,1161,837,88,575,276,
1985/01/01,790,979,127,420,838,857,87,477,217,
1985/02/01,856,1014,141,363,783,901,101,475,219,
1985/03/01,832,1066,202,427,839,905,149,495,234,
1985/04/01,839,1087,233,599,1000,907,170,516,249,
1985/05/01,852,1116,263,658,1050,914,190,525,255,
1985/06/01,858,1185,315,757,1156,934,236,542,266,
1985/07/01,826,1225,345,930,1348,959,257,575,285,
1985/08/01,830,1231,341,1002,1425,965,254,600,299,
1985/09/01,818,1171,287,995,1397,934,211,606,299,
1985/10/01,799,1078,211,844,1222,885,154,573,279,
1985/11/01,766,936,116,634,992,800,80,510,241,
1985/12/01,727,986,100,365,682,811,72,403,180,
1986/01/01,726,990,90,346,692,843,66,422,200,
1986/02/01,740,1011,77,275,630,858,56,434,209,
1986/03/01,777,1014,70,244,620,862,50,453,221,
1986/04/01,873,1061,93,215,589,880,69,459,225,
1986/05/01,883,1157,213,295,661,910,165,488,243,
1986/06/01,840,1237,299,665,1033,943,225,532,269,
1986/07/01,831,1258,314,921,1302,964,236,584,298,
1986/08/01,823,1259,315,957,1350,968,238,607,308,
1986/09/01,817,1218,266,958,1351,960,200,610,311,
1986/10/01,797,1203,234,819,1207,960,175,600,304,
1986/11/01,779,1150,190,719,1117,951,141,595,300,
1986/12/01,777,1069,135,576,967,903,98,570,283,
1987/01/01,794,980,85,424,792,838,59,517,251,
1987/02/01,817,999,89,280,618,846,66,445,209,
1987/03/01,834,1001,101,283,627,837,76,447,213,
1987/04/01,841,1025,127,302,649,834,97,445,214,
1987/05/01,845,1070,159,370,714,852,134,447,215,
1987/06/01,826,1108,193,512,865,876,157,468,230,
1987/07/01,822,1130,200,603,972,892,162,497,251,
1987/08/01,817,1131,182,618,998,895,145,517,264,
1987/09/01,802,1095,149,566,951,881,119,522,267,
1987/10/01,771,996,97,473,851,827,76,505,254,
1987/11/01,734,900,50,318,660,771,37,436,210,
1987/12/01,701,923,29,173,476,767,18,356,163,
1988/01/01,715,888,11,124,452,760,6,370,174,
1988/02/01,735,946,19,59,367,788,13,351,164,
1988/03/01,823,979,34,84,431,812,24,393,190,
1988/04/01,856,1039,97,124,483,841,75,419,208,
1988/05/01,855,1110,170,294,669,869,132,445,224,
1988/06/01,863,1169,233,489,872,900,182,481,245,
1988/07/01,829,1209,268,671,1068,921,203,521,268,
1988/08/01,828,1215,269,772,1180,929,205,553,285,
1988/09/01,817,1166,233,783,1191,909,175,563,289,
1988/10/01,802,1048,160,687,1079,852,117,541,274,
1988/11/01,768,953,100,481,836,794,71,468,228,
1988/12/01,738,960,79,308,631,797,56,393,183,
1989/01/01,774,1110,114,255,590,905,86,396,188,
1989/02/01,885,1235,191,421,873,992,159,493,257,
1989/03/01,859,1338,306,696,1165,1035,239,611,320,
1989/04/01,851,1360,369,932,1399,1090,287,645,341,
1989/05/01,844,1278,388,1118,1603,1117,302,729,383,
1989/06/01,859,1323,414,1165,1640,1127,327,766,397,
1989/07/01,830,1299,433,1246,1716,1127,340,800,407,
1989/08/01,825,1266,410,1280,1740,1113,320,836,422,
1989/09/01,815,1183,319,1200,1642,1059,247,845,423,
1989/10/01,784,1061,221,944,1346,968,169,767,375,
1989/11/01,744,945,131,667,1034,881,97,646,302,
1989/12/01,706,886,72,405,740,827,51,523,233,
1990/01/01,696,929,74,235,552,880,55,440,190,
1990/02/01,729,962,61,210,566,894,43,470,213,
1990/03/01,785,978,63,199,582,904,44,515,245,
1990/04/01,869,1015,94,191,575,916,73,519,250,
1990/05/01,838,1082,167,270,653,928,135,534,260,
1990/06/01,862,1145,238,485,865,959,188,558,275,
1990/07/01,817,1184,265,683,1076,980,210,591,295,
1990/08/01,825,1188,257,768,1171,984,199,610,306,
1990/09/01,812,1118,195,745,1150,946,148,612,310,
1990/10/01,779,1026,139,577,968,877,103,571,284,
1990/11/01,735,925,74,421,779,812,51,495,237,
1990/12/01,701,932,60,235,561,816,39,412,188,
1991/01/01,738,1008,66,179,512,866,45,405,189,
1991/02/01,820,1095,87,213,621,924,63,470,238,
1991/03/01,851,1163,142,287,739,949,109,537,286,
1991/04/01,829,1183,189,459,940,953,149,593,314,
1991/05/01,843,1205,216,591,1042,962,170,599,317,
1991/06/01,827,1234,241,652,1091,978,186,606,323,
1991/07/01,816,1243,243,721,1167,990,187,615,333,
1991/08/01,807,1220,208,727,1176,983,160,620,340,
1991/09/01,782,1153,165,631,1077,946,125,616,335,
1991/10/01,747,1055,104,507,929,885,78,577,305,
1991/11/01,708,956,52,343,733,824,37,512,261,
1991/12/01,694,1001,55,189,542,876,40,433,210,
1992/01/01,762,971,45,176,567,880,30,460,232,
1992/02/01,845,908,39,135,498,818,25,459,230,
1992/03/01,854,1032,128,114,420,870,95,397,191,
1992/04/01,883,1122,221,362,729,909,180,447,225,
1992/05/01,861,1194,294,641,1032,932,227,499,257,
1992/06/01,836,1243,331,817,1230,961,254,545,283,
1992/07/01,821,1255,333,925,1349,975,256,586,304,
1992/08/01,820,1241,297,933,1358,976,227,603,314,
1992/09/01,813,1162,228,850,1264,940,173,604,314,
1992/10/01,776,1041,152,669,1065,869,112,565,287,
1992/11/01,729,1002,110,462,820,851,81,483,234,
1992/12/01,709,986,89,335,687,865,65,449,215,
1993/01/01,715,1003,81,248,604,897,61,443,213,
1993/02/01,736,1078,91,205,582,942,69,457,225,
1993/03/01,777,1033,71,250,658,925,54,512,266,
1993/04/01,805,1060,75,194,577,928,57,502,257,
1993/05/01,847,1079,98,210,600,932,74,513,265,
1993/06/01,827,1119,134,269,652,947,103,522,270,
1993/07/01,824,1148,147,381,773,963,121,542,282,
1993/08/01,817,1145,143,445,848,963,115,561,292,
1993/09/01,794,1100,124,435,834,931,96,565,293,
1993/10/01,755,1002,75,380,761,867,57,536,274,
1993/11/01,715,941,42,243,592,818,29,467,229,
1993/12/01,715,986,25,148,475,830,17,411,196,
1994/01/01,694,1151,46,115,491,944,38,431,214,
1994/02/01,827,1143,52,304,775,956,43,570,310,
1994/03/01,835,1097,86,281,735,906,71,586,316,
1994/04/01,831,1118,122,308,751,915,96,529,276,
1994/05/01,831,1140,138,364,824,921,112,533,278,
1994/06/01,822,1168,155,424,881,938,125,548,290,
1994/07/01,811,1180,156,471,931,951,126,566,299,
1994/08/01,793,1177,143,474,937,952,115,579,303,
1994/09/01,770,1116,111,439,894,922,88,581,304,
1994/10/01,733,997,60,350,774,852,45,547,279,
1994/11/01,685,946,28,204,576,814,20,465,227,
1994/12/01,582,832,9,114,466,766,5,420,199,
1995/01/01,592,739,0,42,339,706,0,342,154,
1995/02/01,618,732,0,11,271,713,0,273,115,
1995/03/01,701,750,0,2,261,721,0,258,111,
1995/04/01,759,768,0,0,264,724,0,275,123,
1995/05/01,866,800,15,0,264,741,12,284,129,
1995/06/01,824,874,79,44,297,768,60,311,146,
1995/07/01,818,918,100,223,453,792,75,357,172,
1995/08/01,806,928,80,280,535,801,58,392,192,
1995/09/01,778,936,84,234,520,801,62,400,196,
1995/10/01,738,872,38,245,534,761,26,402,197,
1995/11/01,690,824,11,124,401,709,6,358,169,
1995/12/01,563,802,3,48,303,711,1,299,135,
1996/01/01,584,844,2,20,281,747,0,290,133,
1996/02/01,697,950,7,16,328,803,3,330,159,
1996/03/01,737,922,6,39,439,804,4,428,220,
1996/04/01,791,927,10,31,379,795,7,428,218,
1996/05/01,852,952,30,42,380,807,23,413,207,
1996/06/01,810,985,65,98,437,828,49,427,217,
1996/07/01,793,1006,75,196,543,844,57,453,231,
1996/08/01,772,1011,66,225,580,849,50,473,243,
1996/09/01,747,993,64,205,568,836,47,480,246,
1996/10/01,708,888,25,193,537,777,16,463,235,
1996/11/01,604,906,10,88,391,765,6,387,186,
1996/12/01,476,843,2,54,383,754,1,391,190,
1997/01/01,485,894,2,22,329,781,1,364,175,
1997/02/01,697,879,0,20,364,795,0,401,200,
1997/03/01,737,925,1,7,336,826,1,404,202,
1997/04/01,851,941,14,11,356,832,12,411,215,
1997/05/01,842,989,74,46,383,849,59,411,221,
1997/06/01,835,1042,122,211,558,877,94,427,234,
1997/07/01,817,1064,130,340,710,894,101,466,254,
1997/08/01,800,1071,131,370,748,897,101,491,266,
1997/09/01,772,1056,102,376,755,890,75,500,269,
1997/10/01,735,1009,75,304,683,854,53,500,265,
1997/11/01,692,962,39,233,590,824,26,465,239,
1997/12/01,611,911,16,138,487,790,9,434,219,
1998/01/01,541,947,8,72,404,800,4,399,197,
1998/02/01,708,881,2,55,423,790,0,419,209,
1998/03/01,770,875,0,21,353,771,0,387,190,
1998/04/01,876,915,25,6,324,781,21,370,180,
1998/05/01,850,995,115,92,411,809,93,387,190,
1998/06/01,833,1057,155,353,703,847,123,417,207,
1998/07/01,816,1077,160,473,838,866,125,463,235,
1998/08/01,807,1084,160,488,861,873,123,488,250,
1998/09/01,786,1047,117,489,864,861,87,496,255,
1998/10/01,748,960,78,377,747,808,55,485,245,
1998/11/01,702,947,47,258,589,809,33,417,201,
1998/12/01,690,973,34,161,500,818,23,402,194,
1999/01/01,668,993,23,134,505,837,16,422,208,
1999/02/01,719,993,9,100,507,834,6,443,222,
1999/03/01,767,998,13,59,461,840,9,448,225,
1999/04/01,876,1006,37,66,456,841,28,451,227,
1999/05/01,861,1081,141,128,499,862,103,455,230,
1999/06/01,853,1138,201,406,774,892,149,485,246,
1999/07/01,818,1162,217,595,980,909,160,529,270,
1999/08/01,822,1165,211,639,1034,912,154,554,283,
1999/09/01,801,1093,149,629,1028,883,108,560,286,
1999/10/01,757,1001,102,468,851,825,73,524,261,
1999/11/01,710,907,48,333,679,774,32,451,215,
1999/12/01,650,920,30,179,500,788,20,384,176,
2000/01/01,687,1050,45,116,453,876,32,386,182,
2000/02/01,829,1161,85,234,671,967,69,495,256,
2000/03/01,846,1177,149,382,856,974,114,601,314,
2000/04/01,826,1202,183,495,947,979,140,609,319,
2000/05/01,842,1217,202,598,1036,986,155,614,324,
2000/06/01,845,1250,237,641,1069,1000,179,616,329,
2000/07/01,822,1283,254,717,1166,1013,188,626,339,
2000/08/01,820,1257,232,768,1221,1013,172,647,348,
2000/09/01,797,1175,178,714,1159,972,131,649,348,
2000/10/01,757,1049,112,566,985,895,81,600,314,
2000/11/01,707,982,61,375,750,838,40,512,256,
2000/12/01,613,959,39,233,592,845,25,456,223,
2001/01/01,565,892,17,145,504,817,10,437,214,
2001/02/01,569,928,11,76,415,837,7,406,195,
2001/03/01,701,928,4,58,437,839,2,425,211,
2001/04/01,847,972,14,32,410,851,10,433,218,
2001/05/01,868,1062,119,65,460,875,93,467,239,
2001/06/01,867,1163,207,373,753,912,167,503,260,
2001/07/01,826,1217,247,666,1069,936,193,560,292,
2001/08/01,828,1224,250,771,1190,943,195,599,309,
2001/09/01,813,1157,202,780,1199,915,154,606,314,
2001/10/01,780,1062,140,643,1043,860,105,570,289,
2001/11/01,733,1089,109,468,840,860,83,505,247,
2001/12/01,700,1044,86,412,810,869,64,517,259,
2002/01/01,715,1007,50,299,685,855,37,496,246,
2002/02/01,724,1003,30,193,574,847,23,478,235,
2002/03/01,750,982,26,136,517,842,20,472,233,
2002/04/01,854,989,35,106,467,843,26,456,224,
2002/05/01,850,1056,115,129,483,860,88,458,227,
2002/06/01,839,1117,166,348,711,887,130,481,241,
2002/07/01,822,1143,182,528,905,904,143,519,264,
2002/08/01,818,1153,183,576,963,908,144,543,278,
2002/09/01,792,1095,138,580,971,888,108,552,283,
2002/10/01,751,1019,93,449,829,835,69,524,263,
2002/11/01,699,980,47,328,682,801,34,470,229,
2002/12/01,603,941,23,209,561,791,17,441,213,
2003/01/01,629,870,8,123,470,771,5,414,199,
2003/02/01,696,866,2,61,386,767,1,378,179,
2003/03/01,770,864,0,33,366,753,0,374,179,
2003/04/01,876,905,29,10,320,762,22,359,172,
2003/05/01,823,973,102,101,412,780,77,375,181,
2003/06/01,843,1028,136,320,637,810,100,401,195,
2003/07/01,819,1061,143,405,754,831,112,428,212,
2003/08/01,817,1071,146,452,812,840,114,455,228,
2003/09/01,792,1023,100,461,823,825,76,467,234,
2003/10/01,748,948,73,336,692,780,52,448,221,
2003/11/01,694,877,31,246,564,739,21,389,184,
2003/12/01,605,876,14,131,434,734,8,343,158,
2004/01/01,682,921,9,76,391,772,6,339,159,
2004/02/01,838,965,22,62,421,799,15,382,188,
2004/03/01,889,1095,146,103,476,853,107,417,209,
2004/04/01,881,1192,254,470,854,917,194,486,250,
2004/05/01,860,1248,310,771,1179,943,236,549,285,
2004/06/01,852,1315,347,936,1356,969,262,590,304,
2004/07/01,825,1292,360,1041,1467,992,269,619,322,
2004/08/01,827,1261,335,1084,1510,997,248,650,338,
2004/09/01,814,1185,264,1019,1425,960,193,659,342,
2004/10/01,781,1058,174,827,1209,885,124,612,310,
2004/11/01,735,972,110,570,920,834,75,520,251,
2004/12/01,695,984,76,372,705,836,51,446,208,
2005/01/01,704,992,43,284,640,833,28,451,214,
2005/02/01,723,992,27,201,576,834,15,460,224,
2005/03/01,799,1005,33,137,517,842,21,459,225,
2005/04/01,868,1041,81,146,524,853,60,468,232,
2005/05/01,857,1115,170,273,643,877,132,484,242,
2005/06/01,857,1193,241,534,915,908,187,517,262,
2005/07/01,820,1229,263,746,1145,925,204,561,287,
2005/08/01,822,1225,243,826,1236,929,187,588,300,
2005/09/01,802,1147,181,771,1183,898,139,592,302,
2005/10/01,761,1024,116,597,992,833,86,550,275,
2005/11/01,705,1067,102,401,756,857,76,465,223,
2005/12/01,687,1094,107,359,750,920,81,483,240,
2006/01/01,722,1128,110,329,745,962,85,506,259,
2006/02/01,783,1301,136,320,771,1043,120,542,287,
2006/03/01,853,1277,150,479,1060,1077,133,649,347,
2006/04/01,830,1280,200,501,1073,1078,181,678,362,
2006/05/01,850,1296,246,626,1154,1088,204,685,364,
2006/06/01,852,1311,289,726,1258,1110,237,703,372,
2006/07/01,831,1303,320,863,1381,1127,261,734,385,
2006/08/01,822,1260,306,959,1454,1113,248,766,396,
2006/09/01,812,1185,245,920,1380,1059,197,776,397,
2006/10/01,776,1075,165,750,1176,977,131,713,356,
2006/11/01,733,1004,115,525,917,921,91,618,298,
2006/12/01,718,986,67,372,740,884,53,542,254,
2007/01/01,764,996,69,251,624,909,54,516,243,
2007/02/01,884,1018,94,224,601,913,71,513,245,
2007/03/01,826,1108,186,284,659,950,147,523,252,
2007/04/01,878,1161,255,549,944,969,197,560,274,
2007/05/01,878,1244,324,716,1119,994,257,585,288,
2007/06/01,837,1328,377,944,1374,1030,293,609,301,
2007/07/01,829,1275,380,1077,1520,1052,295,647,329,
2007/08/01,821,1266,359,1088,1528,1052,275,679,347,
2007/09/01,811,1178,274,1035,1450,1006,208,684,349,
2007/10/01,777,1077,193,808,1196,933,145,631,316,
2007/11/01,729,1042,135,591,956,897,99,552,267,
2007/12/01,688,996,78,444,810,856,55,520,250,
2008/01/01,699,1127,99,296,660,962,83,487,232,
2008/02/01,753,1159,103,362,841,1008,96,602,304,
2008/03/01,834,1164,107,352,846,1030,99,631,323,
2008/04/01,850,1190,163,342,824,1021,152,633,324,
2008/05/01,854,1257,249,509,955,1042,210,633,324,
2008/06/01,848,1317,301,732,1172,1065,255,660,339,
2008/07/01,821,1288,322,906,1352,1086,269,695,358,
2008/08/01,823,1257,292,961,1400,1086,243,724,373,
2008/09/01,808,1179,230,880,1303,1032,190,727,374,
2008/10/01,767,1046,148,705,1110,942,120,666,334,
2008/11/01,711,1005,121,470,835,939,98,561,269,
2008/12/01,694,943,68,346,704,892,55,510,240,
2009/01/01,720,957,43,208,554,886,35,469,216,
2009/02/01,841,965,49,143,508,878,38,469,218,
2009/03/01,838,1066,121,156,511,917,97,471,221,
2009/04/01,904,1151,233,391,767,938,190,529,258,
2009/05/01,872,1281,339,703,1087,982,277,564,280,
2009/06/01,857,1385,410,1014,1439,1061,327,618,310,
2009/07/01,832,1283,424,1210,1659,1097,340,709,364,
2009/08/01,823,1270,404,1253,1701,1101,322,760,391,
2009/09/01,816,1188,316,1185,1608,1047,249,767,393,
2009/10/01,785,1103,229,937,1327,973,177,703,351,
2009/11/01,747,1025,159,715,1086,919,121,626,304,
2009/12/01,724,1051,140,502,858,932,106,551,260,
2010/01/01,740,1159,150,440,825,996,116,565,273,
2010/02/01,834,1268,160,529,1003,1040,124,662,337,
2010/03/01,875,1311,252,614,1137,1055,194,736,387,
2010/04/01,858,1369,354,837,1359,1097,282,759,398,
2010/05/01,921,1337,449,1179,1688,1138,351,840,436,
2010/06/01,873,1379,541,1408,1740,1142,418,901,465,
2010/07/01,842,1312,569,1736,1740,1136,440,1010,498,
2010/08/01,835,1277,553,1940,1740,1116,427,1030,500,
2010/09/01,823,1235,480,1799,1740,1074,367,1030,500,
2010/10/01,814,1093,340,1506,1740,981,257,1030,500,
2010/11/01,773,1038,254,1062,1740,928,190,954,409,
2010/12/01,735,1042,209,809,1549,928,156,836,349,
2011/01/01,785,1122,213,670,1336,977,162,792,334,
2011/02/01,890,1163,253,720,1417,996,196,864,391,
2011/03/01,842,1356,361,826,1459,1043,287,853,392,
2011/04/01,907,1328,463,1220,1740,1091,362,929,434,
2011/05/01,906,1370,580,1473,1740,1143,440,986,470,
2011/06/01,873,1364,657,1981,1740,1143,567,1030,500,
2011/07/01,846,1311,677,2457,1740,1133,613,1030,500,
2011/08/01,835,1283,659,2491,1740,1117,587,1030,500,
2011/09/01,826,1235,561,2286,1740,1078,493,1030,500,
2011/10/01,815,1101,413,1872,1740,983,359,1030,500,
2011/11/01,780,1053,324,1349,1740,950,282,1030,500,
2011/12/01,756,1091,278,1037,1740,955,242,1030,477,
2012/01/01,797,1084,243,954,1740,969,212,1030,477,
2012/02/01,872,1127,291,789,1520,1002,250,993,439,
2012/03/01,865,1198,389,892,1574,1016,317,980,440,
2012/04/01,857,1251,442,1116,1740,1028,359,949,431,
2012/05/01,886,1322,505,1275,1740,1048,399,941,432,
2012/06/01,829,1325,550,1429,1740,1080,436,957,446,
2012/07/01,833,1276,533,1565,1740,1103,422,995,471,
2012/08/01,819,1265,480,1494,1740,1096,380,1011,484,
2012/09/01,811,1185,379,1333,1740,1043,298,975,466,
2012/10/01,775,1072,266,1048,1740,964,207,881,410,
2012/11/01,731,991,177,752,1369,896,135,753,335,
2012/12/01,706,993,126,517,1054,884,96,644,275,
2013/01/01,740,1097,136,389,907,951,111,614,265,
2013/02/01,861,1069,117,467,1063,939,93,710,334,
2013/03/01,823,1091,162,395,932,915,138,680,321,
2013/04/01,873,1130,231,531,1047,926,186,637,298,
2013/05/01,849,1196,297,696,1207,950,241,647,304,
2013/06/01,844,1251,346,899,1404,981,276,677,323,
2013/07/01,816,1274,351,1028,1540,998,278,715,347,
2013/08/01,820,1255,309,1041,1541,994,244,733,359,
2013/09/01,802,1169,233,928,1392,954,182,721,352,
2013/10/01,767,1047,157,715,1148,880,119,661,315,
2013/11/01,709,1014,103,499,884,856,79,559,254,
2013/12/01,669,1111,110,355,738,915,85,520,235,
2014/01/01,721,1123,84,390,845,932,63,610,298,
2014/02/01,781,1190,94,317,791,968,73,622,307,
2014/03/01,833,1366,128,342,870,1051,105,665,336,
2014/04/01,854,1274,205,526,1136,1077,169,778,407,
2014/05/01,869,1321,300,703,1289,1097,243,808,424,
2014/06/01,860,1330,375,962,1492,1131,302,831,440,
2014/07/01,824,1299,403,1143,1687,1129,324,878,465,
2014/08/01,825,1259,370,1217,1740,1112,297,942,484,
2014/09/01,813,1187,297,1109,1598,1058,235,945,478,
2014/10/01,773,1051,198,899,1338,964,153,862,424,
2014/11/01,723,979,130,614,1008,898,96,724,339,
2014/12/01,688,944,80,419,789,863,57,624,282,
